{"cameraMode":{"drawMode":0,"name":"Shaded","section":"Shading Mode"},"sceneLighting":false,"audioPlay":false,"sceneViewState":{"m_AlwaysRefresh":false,"showFog":true,"showSkybox":true,"showFlares":true,"showImageEffects":true,"showParticleSystems":true,"showVisualEffectGraphs":true,"m_FxEnabled":true},"in2DMode":false,"pivot":{"x":2.580909252166748,"y":1.2767794132232667,"z":-5.112395286560059},"rotation":{"x":0.012075836770236493,"y":0.9870381355285645,"z":-0.11078657954931259,"w":0.12043824046850205},"size":7.784223556518555,"orthographic":false}