{"cameraMode":{"drawMode":0,"name":"Shaded","section":"Shading Mode"},"sceneLighting":false,"audioPlay":false,"sceneViewState":{"m_AlwaysRefresh":false,"showFog":true,"showSkybox":true,"showFlares":true,"showImageEffects":true,"showParticleSystems":true,"showVisualEffectGraphs":true,"m_FxEnabled":true},"in2DMode":false,"pivot":{"x":9.90708065032959,"y":-3.9393768310546877,"z":-63.51776123046875},"rotation":{"x":-0.0022940177004784347,"y":-0.9974517226219177,"z":0.057550426572561267,"w":-0.050330858677625659},"size":33.43183898925781,"orthographic":false}