{"cameraMode":{"drawMode":0,"name":"Shaded","section":"Shading Mode"},"sceneLighting":false,"audioPlay":false,"sceneViewState":{"m_AlwaysRefresh":false,"showFog":true,"showSkybox":true,"showFlares":true,"showImageEffects":true,"showParticleSystems":true,"showVisualEffectGraphs":true,"m_FxEnabled":true},"in2DMode":false,"pivot":{"x":0.5336573719978333,"y":1.7274303436279297,"z":0.9569631814956665},"rotation":{"x":-0.02054959535598755,"y":-0.993512749671936,"z":0.12828890979290009,"w":-0.039649203419685367},"size":0.8660253882408142,"orthographic":false}