{"cameraMode":{"drawMode":0,"name":"Shaded","section":"Shading Mode"},"sceneLighting":false,"audioPlay":false,"sceneViewState":{"m_AlwaysRefresh":false,"showFog":true,"showSkybox":true,"showFlares":true,"showImageEffects":true,"showParticleSystems":true,"showVisualEffectGraphs":true,"m_FxEnabled":true},"in2DMode":false,"pivot":{"x":1.8514344692230225,"y":-4.728493690490723,"z":-11.862995147705079},"rotation":{"x":0.01292780414223671,"y":0.9837983846664429,"z":-0.17100298404693604,"w":0.06436097621917725},"size":15.66156005859375,"orthographic":false}