{"cameraMode":{"drawMode":0,"name":"Shaded","section":"Shading Mode"},"sceneLighting":false,"audioPlay":false,"sceneViewState":{"m_AlwaysRefresh":false,"showFog":true,"showSkybox":true,"showFlares":true,"showImageEffects":true,"showParticleSystems":true,"showVisualEffectGraphs":true,"m_FxEnabled":true},"in2DMode":false,"pivot":{"x":0.2503255009651184,"y":1.3670427799224854,"z":1.7015031576156617},"rotation":{"x":-0.004488319158554077,"y":-0.9984040260314941,"z":0.07980422675609589,"w":-0.017184462398290635},"size":3.3247408866882326,"orthographic":false}