{"cameraMode":{"drawMode":0,"name":"Shaded","section":"Shading Mode"},"sceneLighting":false,"audioPlay":false,"sceneViewState":{"m_AlwaysRefresh":false,"showFog":true,"showSkybox":true,"showFlares":true,"showImageEffects":true,"showParticleSystems":true,"showVisualEffectGraphs":true,"m_FxEnabled":true},"in2DMode":false,"pivot":{"x":6.132630825042725,"y":-1.4257901906967164,"z":10.204822540283204},"rotation":{"x":-0.09296580404043198,"y":-0.10377362370491028,"z":0.00979306548833847,"w":-0.9903832674026489},"size":8.463912963867188,"orthographic":false}